Customer,Label
1,Cellular
1,64GB
1,Speakers
2,RetinaDisplay
2,16GB
3,16GB
4,RetinaDisplay
4,Cellular
4,32GB
4,Case
4,Speakers
5,32GB
5,Speakers
6,RetinaDisplay
6,16GB
6,Stand
6,Stylus
7,Cellular
7,16GB
8,Cellular
8,16GB
8,Case
9,RetinaDisplay
9,64GB
10,RetinaDisplay
10,Cellular
10,32GB
10,Speakers
11,16GB
12,32GB
12,Speakers
13,RetinaDisplay
13,16GB
13,Stand
13,Stylus
14,RetinaDisplay
14,Cellular
14,64GB
14,Case
14,Stand
14,CameraKit
14,WirelessKeyboard
15,RetinaDisplay
15,Cellular
15,32GB
16,RetinaDisplay
16,Cellular
16,32GB
16,Speakers
17,32GB
18,32GB
19,RetinaDisplay
19,Cellular
19,64GB
19,Case
19,Stand
19,Speakers
20,RetinaDisplay
20,Cellular
20,32GB
20,Stand
20,Stylus
21,Cellular
21,16GB
22,RetinaDisplay
22,16GB
23,16GB
24,32GB
24,Speakers
25,32GB
26,Cellular
26,64GB
26,Stand
26,Speakers
27,RetinaDisplay
27,32GB
27,Case
27,Speakers
27,PlugBug
28,16GB
28,Stylus
29,RetinaDisplay
29,32GB
29,Case
29,Stand
29,Speakers
29,PlugBug
29,CameraKit
29,WirelessKeyboard
30,32GB
31,RetinaDisplay
31,Cellular
31,16GB
31,Speakers
32,16GB
33,32GB
33,Stand
33,WirelessKeyboard
34,32GB
34,Speakers
34,PlugBug
35,16GB
36,RetinaDisplay
36,Cellular
36,32GB
36,Case
36,Stand
36,Speakers
36,PlugBug
37,32GB
37,PlugBug
38,64GB
39,32GB
40,16GB
41,RetinaDisplay
41,64GB
41,Case
41,Speakers
42,64GB
43,RetinaDisplay
43,32GB
43,Stand
44,RetinaDisplay
44,Cellular
44,64GB
44,Case
44,Stand
45,16GB
45,Stand
46,16GB
47,RetinaDisplay
47,32GB
48,RetinaDisplay
48,16GB
49,RetinaDisplay
49,Cellular
49,64GB
49,Case
49,Stand
49,Speakers
49,PlugBug
50,16GB
51,RetinaDisplay
51,32GB
51,Stand
52,16GB
53,RetinaDisplay
53,64GB
53,Case
53,Stand
53,Speakers
53,PlugBug
53,CameraKit
53,WirelessKeyboard
54,16GB
55,RetinaDisplay
55,32GB
55,Stand
55,Speakers
56,RetinaDisplay
56,32GB
56,Stand
57,RetinaDisplay
57,64GB
57,Stand
57,Speakers
58,16GB
59,Cellular
59,64GB
59,Speakers
60,16GB
61,16GB
62,RetinaDisplay
62,32GB
62,Case
62,Stand
62,Stylus
63,RetinaDisplay
63,16GB
64,RetinaDisplay
64,32GB
64,Stand
64,Speakers
64,PlugBug
64,WirelessKeyboard
64,Stylus
65,RetinaDisplay
65,16GB
66,16GB
67,16GB
68,32GB
69,RetinaDisplay
69,Cellular
69,16GB
69,Stand
69,Speakers
70,16GB
71,RetinaDisplay
71,32GB
71,Stand
71,Speakers
71,PlugBug
71,WirelessKeyboard
71,Stylus
72,32GB
73,RetinaDisplay
73,16GB
74,RetinaDisplay
74,32GB
74,Speakers
74,PlugBug
75,RetinaDisplay
75,16GB
76,16GB
77,64GB
78,32GB
79,RetinaDisplay
79,16GB
79,Speakers
80,32GB
81,32GB
81,Case
81,Speakers
82,Cellular
82,16GB
83,16GB
83,Stylus
84,RetinaDisplay
84,Cellular
84,64GB
84,Case
85,RetinaDisplay
85,Cellular
85,32GB
85,Speakers
86,RetinaDisplay
86,16GB
86,Speakers
87,16GB
88,16GB
88,Case
88,Speakers
89,16GB
90,RetinaDisplay
90,16GB
91,64GB
92,64GB
93,16GB
93,Stand
94,RetinaDisplay
94,32GB
94,Speakers
95,RetinaDisplay
95,Cellular
95,64GB
95,Case
95,Speakers
96,RetinaDisplay
96,Cellular
96,16GB
97,RetinaDisplay
97,Cellular
97,16GB
98,RetinaDisplay
98,32GB
98,Speakers
98,PlugBug
99,RetinaDisplay
99,Cellular
99,64GB
99,Speakers
100,RetinaDisplay
100,64GB
100,Speakers
101,RetinaDisplay
101,Cellular
101,64GB
101,Case
101,Speakers
101,PlugBug
102,RetinaDisplay
102,16GB
103,16GB
103,Speakers
104,32GB
104,Stylus
105,Cellular
105,64GB
106,32GB
107,RetinaDisplay
107,Cellular
107,64GB
107,Case
107,Stand
107,Speakers
107,PlugBug
107,CameraKit
107,WirelessKeyboard
108,32GB
109,Cellular
109,16GB
110,16GB
111,RetinaDisplay
111,64GB
111,Stand
111,Speakers
111,Stylus
112,32GB
112,Case
113,16GB
114,16GB
115,Cellular
115,16GB
115,Speakers
116,RetinaDisplay
116,32GB
117,RetinaDisplay
117,Cellular
117,64GB
118,16GB
119,16GB
119,Case
120,16GB
120,Speakers
120,Stylus
121,32GB
121,Stand
121,Speakers
121,PlugBug
121,WirelessKeyboard
122,16GB
123,RetinaDisplay
123,16GB
124,Cellular
124,16GB
124,Case
124,Stand
124,CameraKit
125,16GB
126,RetinaDisplay
126,Cellular
126,64GB
126,Stand
126,PlugBug
126,WirelessKeyboard
126,Stylus
127,RetinaDisplay
127,Cellular
127,16GB
127,Stand
127,Speakers
128,RetinaDisplay
128,64GB
128,Case
128,Speakers
129,16GB
129,Case
129,Stand
130,16GB
131,16GB
131,Stand
132,Cellular
132,32GB
132,Case
132,Stylus
133,32GB
134,Cellular
134,16GB
135,32GB
136,16GB
137,16GB
138,16GB
138,Case
138,Speakers
139,32GB
139,Stand
139,PlugBug
139,WirelessKeyboard
140,16GB
140,Stylus
141,RetinaDisplay
141,64GB
142,RetinaDisplay
142,16GB
143,RetinaDisplay
143,16GB
143,Stylus
144,RetinaDisplay
144,64GB
144,Speakers
145,32GB
146,16GB
146,Speakers
147,RetinaDisplay
147,Cellular
147,64GB
147,Stand
147,Speakers
148,32GB
149,16GB
149,Case
150,32GB
151,64GB
152,16GB
153,RetinaDisplay
153,16GB
154,16GB
155,RetinaDisplay
155,16GB
155,Stand
155,Speakers
156,16GB
157,RetinaDisplay
157,32GB
158,RetinaDisplay
158,32GB
158,PlugBug
159,RetinaDisplay
159,Cellular
159,32GB
159,Case
159,Speakers
160,RetinaDisplay
160,32GB
160,Stand
160,Speakers
161,RetinaDisplay
161,Cellular
161,64GB
161,Case
162,32GB
163,16GB
163,Stand
163,Speakers
164,16GB
164,Stylus
165,16GB
166,16GB
167,16GB
167,Stylus
168,32GB
168,Case
168,Stand
169,16GB
170,RetinaDisplay
170,16GB
171,64GB
172,Cellular
172,16GB
172,Stand
173,RetinaDisplay
173,32GB
173,Case
173,Stand
173,Speakers
174,16GB
174,Stylus
175,RetinaDisplay
175,Cellular
175,64GB
175,Case
176,RetinaDisplay
176,32GB
177,32GB
177,Stand
178,RetinaDisplay
178,16GB
179,16GB
180,RetinaDisplay
180,Cellular
180,16GB
181,16GB
182,RetinaDisplay
182,Cellular
182,64GB
182,Case
183,16GB
184,64GB
184,Stylus
185,64GB
186,RetinaDisplay
186,Cellular
186,64GB
186,Case
186,Stand
186,PlugBug
186,CameraKit
186,WirelessKeyboard
187,RetinaDisplay
187,Cellular
187,32GB
187,Stand
187,Stylus
188,Cellular
188,16GB
188,Stand
189,16GB
190,16GB
191,RetinaDisplay
191,16GB
192,32GB
192,Speakers
193,RetinaDisplay
193,16GB
194,RetinaDisplay
194,Cellular
194,32GB
194,Stand
195,16GB
196,16GB
196,Stylus
197,16GB
197,Speakers
198,RetinaDisplay
198,32GB
199,RetinaDisplay
199,32GB
200,32GB
201,RetinaDisplay
201,Cellular
201,64GB
201,Case
201,Speakers
202,RetinaDisplay
202,32GB
202,Case
202,Stand
202,Speakers
203,16GB
204,Cellular
204,32GB
204,PlugBug
205,64GB
205,Speakers
206,RetinaDisplay
206,64GB
206,Speakers
207,RetinaDisplay
207,Cellular
207,64GB
207,Case
207,Speakers
207,CameraKit
208,RetinaDisplay
208,Cellular
208,32GB
208,Case
208,Stand
208,Speakers
208,Stylus
209,RetinaDisplay
209,32GB
210,RetinaDisplay
210,16GB
210,Speakers
211,16GB
212,32GB
213,64GB
214,16GB
215,32GB
215,Speakers
216,RetinaDisplay
216,Cellular
216,64GB
216,Case
216,Stand
217,RetinaDisplay
217,32GB
217,Speakers
218,16GB
218,Stand
219,16GB
220,16GB
221,RetinaDisplay
221,Cellular
221,64GB
221,Case
222,RetinaDisplay
222,16GB
222,Speakers
223,16GB
224,32GB
225,RetinaDisplay
225,32GB
225,Case
225,Speakers
226,RetinaDisplay
226,64GB
226,Case
226,Speakers
227,RetinaDisplay
227,16GB
227,Speakers
228,64GB
229,RetinaDisplay
229,Cellular
229,64GB
229,Stand
229,Speakers
230,32GB
231,64GB
232,Cellular
232,64GB
232,Speakers
233,RetinaDisplay
233,16GB
234,RetinaDisplay
234,16GB
235,16GB
236,Cellular
236,16GB
237,32GB
238,RetinaDisplay
238,32GB
238,Stand
239,16GB
240,64GB
240,Stand
241,16GB
242,RetinaDisplay
242,16GB
243,RetinaDisplay
243,Cellular
243,32GB
243,Speakers
244,RetinaDisplay
244,16GB
245,RetinaDisplay
245,16GB
246,RetinaDisplay
246,16GB
246,Case
246,Stand
246,Speakers
246,Stylus
247,RetinaDisplay
247,32GB
247,Case
247,PlugBug
247,Stylus
248,RetinaDisplay
248,16GB
249,16GB
250,RetinaDisplay
250,16GB
250,Stylus
251,RetinaDisplay
251,16GB
252,16GB
253,RetinaDisplay
253,64GB
253,Stand
254,16GB
255,64GB
256,RetinaDisplay
256,16GB
257,32GB
258,32GB
259,16GB
260,16GB
261,16GB
262,32GB
263,RetinaDisplay
263,16GB
264,16GB
265,RetinaDisplay
265,16GB
266,32GB
266,Stand
267,RetinaDisplay
267,64GB
267,Speakers
267,Stylus
268,16GB
269,RetinaDisplay
269,16GB
270,RetinaDisplay
270,16GB
271,RetinaDisplay
271,Cellular
271,32GB
271,Case
271,Stand
272,RetinaDisplay
272,Cellular
272,64GB
272,Case
273,RetinaDisplay
273,Cellular
273,64GB
274,Cellular
274,16GB
274,Speakers
275,32GB
275,Stand
276,16GB
277,16GB
277,Speakers
278,16GB
279,16GB
279,Stylus
280,RetinaDisplay
280,16GB
281,16GB
282,16GB
283,16GB
284,16GB
285,RetinaDisplay
285,64GB
285,Stand
285,Speakers
285,PlugBug
286,16GB
286,Case
287,16GB
288,64GB
289,Cellular
289,64GB
290,32GB
290,Stand
291,16GB
292,RetinaDisplay
292,Cellular
292,16GB
292,Speakers
293,RetinaDisplay
293,64GB
294,RetinaDisplay
294,Cellular
294,64GB
294,Case
294,Speakers
295,RetinaDisplay
295,16GB
295,Case
295,Stand
295,Speakers
295,CameraKit
295,WirelessKeyboard
295,Stylus
296,RetinaDisplay
296,Cellular
296,16GB
296,Stand
296,Speakers
296,WirelessKeyboard
297,RetinaDisplay
297,64GB
298,RetinaDisplay
298,Cellular
298,64GB
298,Stand
298,PlugBug
298,WirelessKeyboard
299,RetinaDisplay
299,16GB
300,RetinaDisplay
300,32GB
301,64GB
302,RetinaDisplay
302,32GB
302,Stand
302,Speakers
302,PlugBug
302,WirelessKeyboard
303,RetinaDisplay
303,32GB
303,Case
303,Stand
303,Speakers
304,32GB
305,RetinaDisplay
305,64GB
305,Case
305,Stand
305,Speakers
306,16GB
307,16GB
308,RetinaDisplay
308,Cellular
308,32GB
308,Case
308,Speakers
308,PlugBug
309,32GB
310,Cellular
310,64GB
310,Case
310,Stand
310,PlugBug
310,CameraKit
310,WirelessKeyboard
311,RetinaDisplay
311,Cellular
311,32GB
311,Case
311,Stand
311,Speakers
311,PlugBug
312,16GB
313,32GB
313,Stand
314,16GB
315,32GB
315,Case
315,Stand
315,Speakers
316,RetinaDisplay
316,16GB
317,16GB
317,Speakers
318,16GB
319,RetinaDisplay
319,16GB
320,64GB
321,RetinaDisplay
321,16GB
321,Case
322,16GB
323,16GB
324,16GB
324,Case
325,16GB
325,Speakers
326,RetinaDisplay
326,16GB
327,RetinaDisplay
327,64GB
328,RetinaDisplay
328,Cellular
328,64GB
328,Speakers
328,PlugBug
329,Cellular
329,64GB
330,16GB
331,16GB
331,Stand
331,Speakers
332,Cellular
332,16GB
332,Stand
332,Stylus
333,16GB
333,Stylus
334,16GB
335,64GB
335,Stand
335,Speakers
335,Stylus
336,RetinaDisplay
336,Cellular
336,32GB
336,Case
336,Stand
337,32GB
338,16GB
338,Case
339,16GB
339,Case
339,Stylus
340,RetinaDisplay
340,64GB
340,Case
340,Stand
341,32GB
341,PlugBug
342,RetinaDisplay
342,16GB
343,RetinaDisplay
343,32GB
343,Case
343,Stand
343,Speakers
344,16GB
344,Case
345,RetinaDisplay
345,Cellular
345,64GB
346,64GB
347,16GB
348,RetinaDisplay
348,Cellular
348,64GB
348,Case
348,Stand
348,Speakers
348,Stylus
349,16GB
349,Stand
349,Stylus
350,RetinaDisplay
350,32GB
350,Case
350,Speakers
351,RetinaDisplay
351,Cellular
351,32GB
351,Stand
351,Speakers
351,PlugBug
351,WirelessKeyboard
352,64GB
352,Stand
353,RetinaDisplay
353,16GB
354,RetinaDisplay
354,32GB
354,Stand
354,PlugBug
354,WirelessKeyboard
355,16GB
355,Stylus
356,Cellular
356,16GB
357,32GB
358,RetinaDisplay
358,16GB
358,Speakers
359,16GB
359,Case
359,Stylus
360,16GB
361,RetinaDisplay
361,32GB
361,Stand
361,Speakers
362,Cellular
362,64GB
363,RetinaDisplay
363,Cellular
363,64GB
363,Speakers
364,RetinaDisplay
364,16GB
365,RetinaDisplay
365,16GB
365,Stand
366,16GB
367,RetinaDisplay
367,Cellular
367,64GB
367,Stand
367,PlugBug
367,WirelessKeyboard
368,16GB
369,RetinaDisplay
369,16GB
369,Stand
369,Stylus
370,16GB
370,Case
371,16GB
372,16GB
373,32GB
373,Speakers
373,Stylus
374,RetinaDisplay
374,Cellular
374,32GB
374,Case
374,Speakers
374,PlugBug
374,CameraKit
375,RetinaDisplay
375,Cellular
375,16GB
376,16GB
377,32GB
377,Case
378,16GB
379,RetinaDisplay
379,Cellular
379,64GB
379,Stand
379,Speakers
380,RetinaDisplay
380,64GB
381,RetinaDisplay
381,64GB
381,Case
381,Speakers
382,32GB
383,16GB
383,Case
383,CameraKit
383,Stylus
384,RetinaDisplay
384,16GB
384,Stand
385,Cellular
385,16GB
386,16GB
387,Cellular
387,32GB
388,16GB
389,16GB
390,RetinaDisplay
390,32GB
390,Case
390,Stand
390,Speakers
390,PlugBug
390,CameraKit
390,WirelessKeyboard
390,Stylus
391,16GB
392,16GB
393,16GB
393,Case
394,32GB
395,RetinaDisplay
395,64GB
395,Case
395,Stand
396,32GB
397,16GB
398,RetinaDisplay
398,32GB
399,16GB
400,16GB
400,Stylus
401,16GB
402,RetinaDisplay
402,Cellular
402,64GB
402,Stand
402,Speakers
403,16GB
403,Speakers
404,16GB
405,RetinaDisplay
405,32GB
405,Stand
406,RetinaDisplay
406,64GB
406,Case
407,32GB
407,Case
408,RetinaDisplay
408,16GB
408,Speakers
409,64GB
410,16GB
411,16GB
411,Case
412,RetinaDisplay
412,Cellular
412,64GB
412,Case
413,RetinaDisplay
413,16GB
414,RetinaDisplay
414,16GB
415,Cellular
415,16GB
415,Case
415,CameraKit
416,16GB
416,Stylus
417,32GB
418,16GB
418,Stand
419,RetinaDisplay
419,32GB
419,Stand
419,PlugBug
420,16GB
420,Stylus
421,RetinaDisplay
421,Cellular
421,64GB
421,Stand
421,PlugBug
422,RetinaDisplay
422,16GB
423,16GB
423,Case
424,16GB
425,16GB
426,Cellular
426,64GB
427,RetinaDisplay
427,16GB
428,RetinaDisplay
428,16GB
428,Stand
429,RetinaDisplay
429,32GB
429,Case
430,16GB
430,Stylus
431,Cellular
431,32GB
431,Case
431,PlugBug
432,Cellular
432,16GB
432,Speakers
433,16GB
434,16GB
435,RetinaDisplay
435,16GB
435,Stand
436,16GB
437,64GB
438,RetinaDisplay
438,16GB
438,Stand
439,Cellular
439,64GB
439,Stand
439,Speakers
439,PlugBug
439,WirelessKeyboard
440,16GB
441,RetinaDisplay
441,16GB
441,Stand
442,RetinaDisplay
442,Cellular
442,32GB
442,Stand
442,Speakers
442,PlugBug
442,Stylus
443,RetinaDisplay
443,Cellular
443,32GB
443,Speakers
443,PlugBug
444,RetinaDisplay
444,Cellular
444,32GB
444,Case
444,Stand
444,Speakers
444,PlugBug
444,CameraKit
444,WirelessKeyboard
445,RetinaDisplay
445,16GB
446,16GB
446,Stand
447,64GB
448,16GB
448,Stylus
449,32GB
450,Cellular
450,16GB
451,32GB
451,Stand
451,WirelessKeyboard
452,16GB
453,RetinaDisplay
453,16GB
454,16GB
455,16GB
456,16GB
457,RetinaDisplay
457,32GB
457,Case
457,Speakers
458,RetinaDisplay
458,16GB
459,32GB
459,Case
460,RetinaDisplay
460,Cellular
460,64GB
460,Stand
460,Speakers
460,PlugBug
460,WirelessKeyboard
461,32GB
462,16GB
463,RetinaDisplay
463,Cellular
463,16GB
463,Case
463,Stand
463,Speakers
464,RetinaDisplay
464,32GB
464,Case
464,Speakers
465,RetinaDisplay
465,Cellular
465,64GB
465,Speakers
465,PlugBug
466,16GB
466,Stylus
467,RetinaDisplay
467,32GB
467,Case
467,Stand
467,Speakers
468,16GB
468,Stylus
469,16GB
470,16GB
470,Stylus
471,16GB
471,Stand
471,Speakers
472,RetinaDisplay
472,16GB
473,RetinaDisplay
473,32GB
473,Stand
473,Speakers
473,PlugBug
474,32GB
475,16GB
476,32GB
476,Stand
476,Speakers
477,32GB
478,RetinaDisplay
478,Cellular
478,64GB
478,Case
478,Speakers
479,Cellular
479,32GB
479,Stand
479,PlugBug
479,WirelessKeyboard
480,16GB
480,Speakers
481,32GB
482,16GB
483,RetinaDisplay
483,Cellular
483,32GB
483,Speakers
484,16GB
485,16GB
485,Case
485,Speakers
486,Cellular
486,64GB
486,Case
486,Stand
487,16GB
488,16GB
489,32GB
490,64GB
490,Case
490,Stand
490,Stylus
491,RetinaDisplay
491,16GB
492,RetinaDisplay
492,Cellular
492,16GB
492,Case
493,RetinaDisplay
493,Cellular
493,32GB
493,Stand
493,Speakers
493,PlugBug
494,RetinaDisplay
494,Cellular
494,64GB
494,Case
495,16GB
495,Stylus
496,16GB
497,64GB
497,Speakers
498,RetinaDisplay
498,Cellular
498,64GB
498,Stand
498,Speakers
499,32GB
500,16GB
501,RetinaDisplay
501,32GB
501,Stand
501,Stylus
502,16GB
503,RetinaDisplay
503,16GB
504,RetinaDisplay
504,Cellular
504,32GB
504,Speakers
505,16GB
506,RetinaDisplay
506,16GB
507,64GB
508,RetinaDisplay
508,16GB
509,Cellular
509,64GB
509,Speakers
510,Cellular
510,16GB
511,RetinaDisplay
511,Cellular
511,64GB
511,Case
511,Stand
511,PlugBug
512,RetinaDisplay
512,Cellular
512,32GB
512,Stand
513,16GB
514,RetinaDisplay
514,32GB
514,Case
514,Speakers
515,16GB
516,RetinaDisplay
516,32GB
517,16GB
518,16GB
518,Stylus
519,16GB
520,RetinaDisplay
520,16GB
521,RetinaDisplay
521,16GB
521,Speakers
522,RetinaDisplay
522,32GB
522,Case
522,Speakers
523,16GB
523,Stylus
524,32GB
525,RetinaDisplay
525,Cellular
525,32GB
525,Stand
525,Speakers
526,16GB
526,Case
527,RetinaDisplay
527,Cellular
527,32GB
527,Case
527,Speakers
527,PlugBug
527,CameraKit
528,Cellular
528,32GB
528,PlugBug
529,RetinaDisplay
529,16GB
530,16GB
531,RetinaDisplay
531,64GB
531,Case
531,Stand
531,Speakers
531,Stylus
532,RetinaDisplay
532,Cellular
532,64GB
532,Case
532,Stand
532,Speakers
533,Cellular
533,16GB
534,RetinaDisplay
534,16GB
534,Stand
534,Speakers
534,Stylus
535,16GB
536,64GB
536,Stand
536,Speakers
536,Stylus
537,64GB
538,16GB
539,16GB
539,Stylus
540,16GB
541,RetinaDisplay
541,Cellular
541,32GB
541,Stand
541,Speakers
542,64GB
542,Speakers
543,RetinaDisplay
543,32GB
543,Case
543,Speakers
544,Cellular
544,16GB
545,32GB
545,Case
546,16GB
547,RetinaDisplay
547,Cellular
547,32GB
547,Case
547,Speakers
548,32GB
549,16GB
550,Cellular
550,16GB
551,16GB
552,RetinaDisplay
552,64GB
553,16GB
554,RetinaDisplay
554,16GB
554,Case
554,Stand
554,Stylus
555,16GB
556,RetinaDisplay
556,32GB
557,16GB
558,RetinaDisplay
558,Cellular
558,16GB
559,RetinaDisplay
559,Cellular
559,64GB
559,Case
559,Stand
560,16GB
560,Stylus
561,64GB
562,RetinaDisplay
562,16GB
563,RetinaDisplay
563,Cellular
563,64GB
564,16GB
564,Stylus
565,RetinaDisplay
565,64GB
565,Case
565,Stand
565,CameraKit
566,RetinaDisplay
566,16GB
567,RetinaDisplay
567,Cellular
567,64GB
567,Stand
567,Speakers
567,PlugBug
568,RetinaDisplay
568,32GB
568,Case
569,RetinaDisplay
569,64GB
569,Case
569,Speakers
569,PlugBug
570,16GB
571,RetinaDisplay
571,Cellular
571,64GB
571,Case
571,Stand
572,RetinaDisplay
572,Cellular
572,32GB
572,Case
572,Stand
573,Cellular
573,16GB
574,64GB
574,Case
574,Stand
574,Speakers
574,Stylus
575,RetinaDisplay
575,Cellular
575,32GB
575,Case
575,Stand
575,Speakers
575,PlugBug
575,WirelessKeyboard
576,32GB
576,Speakers
577,64GB
578,64GB
579,RetinaDisplay
579,Cellular
579,16GB
579,Case
579,Stand
579,Speakers
580,16GB
581,32GB
581,Case
581,Speakers
582,16GB
582,Case
583,RetinaDisplay
583,16GB
583,Speakers
584,RetinaDisplay
584,Cellular
584,16GB
584,Case
584,Stand
584,Speakers
585,RetinaDisplay
585,32GB
586,RetinaDisplay
586,32GB
586,Case
586,Speakers
586,PlugBug
587,16GB
588,RetinaDisplay
588,16GB
588,Case
588,Stand
588,Speakers
588,CameraKit
588,WirelessKeyboard
589,Cellular
589,16GB
589,Speakers
590,RetinaDisplay
590,64GB
590,Case
590,Stand
590,PlugBug
590,CameraKit
590,WirelessKeyboard
591,64GB
592,32GB
592,PlugBug
593,16GB
593,Stand
593,Stylus
594,16GB
595,64GB
595,Stand
596,16GB
597,32GB
598,RetinaDisplay
598,Cellular
598,64GB
598,Case
598,Stand
598,Speakers
599,16GB
600,RetinaDisplay
600,Cellular
600,32GB
600,Case
600,Speakers
601,32GB
601,Stylus
602,RetinaDisplay
602,16GB
603,Cellular
603,16GB
604,RetinaDisplay
604,Cellular
604,32GB
604,Case
604,Speakers
604,PlugBug
604,CameraKit
605,16GB
605,Speakers
606,64GB
607,32GB
607,Stylus
608,16GB
609,64GB
609,Speakers
610,RetinaDisplay
610,16GB
610,Speakers
611,RetinaDisplay
611,Cellular
611,16GB
612,RetinaDisplay
612,64GB
612,Case
612,Speakers
612,CameraKit
613,RetinaDisplay
613,Cellular
613,64GB
613,Case
613,Speakers
613,Stylus
614,32GB
615,16GB
616,Cellular
616,32GB
616,Speakers
616,PlugBug
617,16GB
617,Speakers
618,32GB
618,Stand
619,RetinaDisplay
619,16GB
620,RetinaDisplay
620,Cellular
620,64GB
620,Case
620,Speakers
620,PlugBug
621,16GB
622,RetinaDisplay
622,Cellular
622,16GB
623,16GB
624,32GB
625,16GB
626,RetinaDisplay
626,Cellular
626,64GB
626,Case
626,Stand
626,Speakers
627,RetinaDisplay
627,16GB
628,16GB
629,Cellular
629,32GB
630,RetinaDisplay
630,Cellular
630,32GB
630,Case
630,Speakers
631,64GB
632,16GB
633,16GB
633,Stylus
634,32GB
635,RetinaDisplay
635,Cellular
635,16GB
635,Case
635,Stand
635,Speakers
635,Stylus
636,16GB
636,Speakers
637,16GB
637,Stylus
638,32GB
638,Stand
638,PlugBug
639,Cellular
639,32GB
639,PlugBug
640,RetinaDisplay
640,32GB
640,Stand
640,Speakers
641,16GB
642,32GB
642,Speakers
643,RetinaDisplay
643,Cellular
643,32GB
643,Case
643,Speakers
644,RetinaDisplay
644,Cellular
644,32GB
644,Case
644,Speakers
644,PlugBug
645,Cellular
645,16GB
646,RetinaDisplay
646,Cellular
646,32GB
646,Speakers
647,16GB
648,16GB
649,32GB
650,16GB
651,Cellular
651,16GB
652,Cellular
652,64GB
652,Case
652,Stand
652,Speakers
652,Stylus
653,16GB
654,32GB
654,Case
654,CameraKit
655,RetinaDisplay
655,16GB
656,RetinaDisplay
656,Cellular
656,32GB
656,Stand
656,PlugBug
656,WirelessKeyboard
657,16GB
657,Stand
658,16GB
659,16GB
660,RetinaDisplay
660,Cellular
660,64GB
660,Speakers
661,Cellular
661,64GB
661,Stand
661,Speakers
661,PlugBug
661,WirelessKeyboard
661,Stylus
662,16GB
663,32GB
663,Speakers
664,RetinaDisplay
664,64GB
664,Speakers
665,RetinaDisplay
665,16GB
665,Case
666,RetinaDisplay
666,Cellular
666,16GB
666,Case
666,Stand
666,Speakers
666,CameraKit
666,WirelessKeyboard
667,64GB
667,Case
667,PlugBug
668,32GB
669,64GB
669,Speakers
670,Cellular
670,32GB
670,Stand
670,Speakers
670,PlugBug
670,WirelessKeyboard
670,Stylus
671,RetinaDisplay
671,32GB
672,Cellular
672,32GB
672,Stand
672,Speakers
673,RetinaDisplay
673,Cellular
673,64GB
673,Case
673,PlugBug
674,RetinaDisplay
674,64GB
674,Case
674,Stand
674,Speakers
675,RetinaDisplay
675,16GB
676,RetinaDisplay
676,32GB
677,RetinaDisplay
677,64GB
677,Stand
677,Speakers
678,16GB
679,RetinaDisplay
679,64GB
679,Case
679,Stand
679,Speakers
679,Stylus
680,16GB
681,RetinaDisplay
681,Cellular
681,32GB
681,Case
681,Speakers
681,PlugBug
681,CameraKit
682,16GB
683,32GB
684,RetinaDisplay
684,32GB
684,Stand
684,Speakers
684,PlugBug
684,WirelessKeyboard
685,64GB
685,Stand
685,Stylus
686,RetinaDisplay
686,64GB
687,32GB
688,RetinaDisplay
688,32GB
688,Case
688,Stand
688,Speakers
688,PlugBug
688,CameraKit
688,WirelessKeyboard
689,RetinaDisplay
689,Cellular
689,32GB
689,Case
689,Stand
689,PlugBug
690,Cellular
690,64GB
690,Case
690,Speakers
691,Cellular
691,64GB
691,Stand
692,16GB
693,RetinaDisplay
693,Cellular
693,32GB
693,Speakers
694,Cellular
694,16GB
695,RetinaDisplay
695,Cellular
695,32GB
695,Case
695,Speakers
695,PlugBug
696,RetinaDisplay
696,32GB
696,Case
696,Stand
696,Speakers
696,PlugBug
696,CameraKit
696,WirelessKeyboard
697,16GB
697,Stylus
698,32GB
698,PlugBug
699,RetinaDisplay
699,Cellular
699,32GB
699,Case
699,Speakers
700,32GB
700,Stand
701,Cellular
701,16GB
702,RetinaDisplay
702,64GB
702,Stand
703,Cellular
703,16GB
704,16GB
705,64GB
705,Stand
706,16GB
707,64GB
708,32GB
709,RetinaDisplay
709,16GB
709,Speakers
710,RetinaDisplay
710,Cellular
710,32GB
711,RetinaDisplay
711,32GB
711,Case
711,Speakers
711,Stylus
712,RetinaDisplay
712,Cellular
712,64GB
712,Stand
712,Speakers
712,PlugBug
713,RetinaDisplay
713,16GB
713,Speakers
714,16GB
715,32GB
715,Case
715,Stand
715,Speakers
716,RetinaDisplay
716,32GB
716,Speakers
717,RetinaDisplay
717,Cellular
717,32GB
717,Case
717,Stand
717,Speakers
717,PlugBug
717,CameraKit
717,WirelessKeyboard
718,16GB
719,32GB
719,Stand
719,PlugBug
719,WirelessKeyboard
720,64GB
720,Stand
721,RetinaDisplay
721,Cellular
721,32GB
721,Stand
721,Speakers
721,PlugBug
721,WirelessKeyboard
722,Cellular
722,16GB
723,32GB
723,Speakers
724,16GB
725,16GB
726,16GB
726,Speakers
727,16GB
728,RetinaDisplay
728,32GB
728,Speakers
729,16GB
730,RetinaDisplay
730,64GB
730,Case
730,Speakers
730,CameraKit
731,32GB
731,Speakers
732,RetinaDisplay
732,Cellular
732,64GB
732,Case
732,Stand
733,32GB
734,16GB
735,RetinaDisplay
735,Cellular
735,16GB
736,RetinaDisplay
736,16GB
736,Speakers
737,32GB
737,Speakers
737,PlugBug
737,Stylus
738,RetinaDisplay
738,32GB
738,Case
738,Stand
738,Speakers
738,Stylus
739,16GB
740,16GB
740,Stand
741,16GB
742,16GB
742,Stylus
743,RetinaDisplay
743,32GB
743,Stand
743,Speakers
743,PlugBug
743,WirelessKeyboard
744,RetinaDisplay
744,16GB
744,Case
744,Stand
744,Speakers
745,Cellular
745,16GB
745,Speakers
745,Stylus
746,Cellular
746,16GB
746,Stylus
747,RetinaDisplay
747,Cellular
747,32GB
747,Stand
747,Speakers
747,PlugBug
747,WirelessKeyboard
748,16GB
748,Stand
749,RetinaDisplay
749,64GB
750,RetinaDisplay
750,Cellular
750,16GB
751,RetinaDisplay
751,Cellular
751,32GB
751,PlugBug
752,16GB
752,Stylus
753,16GB
754,16GB
755,RetinaDisplay
755,Cellular
755,16GB
755,Case
755,Stand
755,Speakers
756,RetinaDisplay
756,32GB
756,Stand
756,Speakers
756,PlugBug
757,RetinaDisplay
757,Cellular
757,64GB
757,Case
757,Stand
757,Speakers
758,64GB
758,Stand
759,RetinaDisplay
759,16GB
760,RetinaDisplay
760,32GB
760,Case
760,Speakers
761,Cellular
761,32GB
761,Stand
761,Speakers
761,PlugBug
761,WirelessKeyboard
762,16GB
763,16GB
763,Case
764,16GB
765,32GB
766,16GB
767,16GB
767,Speakers
767,Stylus
768,32GB
768,Stand
768,Speakers
768,Stylus
769,16GB
770,RetinaDisplay
770,Cellular
770,32GB
770,Stand
770,Speakers
770,WirelessKeyboard
771,32GB
772,16GB
773,16GB
774,RetinaDisplay
774,Cellular
774,32GB
774,Stand
774,Speakers
774,Stylus
775,RetinaDisplay
775,32GB
775,Speakers
776,16GB
777,RetinaDisplay
777,Cellular
777,32GB
777,Speakers
777,PlugBug
778,RetinaDisplay
778,Cellular
778,64GB
778,Stand
778,Speakers
778,Stylus
779,32GB
780,16GB
780,Speakers
781,16GB
782,16GB
782,Speakers
782,Stylus
783,RetinaDisplay
783,64GB
783,Case
783,Stand
784,RetinaDisplay
784,16GB
785,RetinaDisplay
785,Cellular
785,64GB
785,Case
786,16GB
786,Speakers
787,16GB
788,RetinaDisplay
788,Cellular
788,64GB
788,Case
788,Stand
789,RetinaDisplay
789,64GB
790,RetinaDisplay
790,32GB
790,Stand
790,Speakers
790,PlugBug
790,Stylus
791,32GB
791,Speakers
792,RetinaDisplay
792,Cellular
792,32GB
792,Stand
792,Speakers
792,PlugBug
793,RetinaDisplay
793,32GB
794,RetinaDisplay
794,Cellular
794,64GB
794,Case
794,Stand
794,Speakers
794,PlugBug
794,CameraKit
794,WirelessKeyboard
794,Stylus
795,32GB
795,Stand
796,16GB
797,RetinaDisplay
797,16GB
798,32GB
799,16GB
800,64GB
800,Case
801,RetinaDisplay
801,Cellular
801,32GB
801,PlugBug
802,RetinaDisplay
802,32GB
803,64GB
804,64GB
805,RetinaDisplay
805,32GB
805,Case
805,Stand
805,Speakers
806,32GB
806,Stand
806,PlugBug
806,WirelessKeyboard
807,RetinaDisplay
807,16GB
807,Stylus
808,RetinaDisplay
808,32GB
809,RetinaDisplay
809,Cellular
809,32GB
809,Case
809,Speakers
810,RetinaDisplay
810,64GB
810,Speakers
811,16GB
812,16GB
813,RetinaDisplay
813,32GB
813,Case
813,Stand
813,Speakers
814,RetinaDisplay
814,Cellular
814,32GB
814,Case
814,Speakers
815,16GB
815,Case
815,Speakers
815,Stylus
816,RetinaDisplay
816,16GB
817,RetinaDisplay
817,Cellular
817,64GB
817,Stand
817,Speakers
817,PlugBug
817,WirelessKeyboard
817,Stylus
818,RetinaDisplay
818,64GB
818,Case
819,RetinaDisplay
819,64GB
819,Case
819,Stylus
820,RetinaDisplay
820,32GB
820,Stand
821,16GB
821,Case
822,64GB
822,Case
823,32GB
824,RetinaDisplay
824,Cellular
824,32GB
824,Stand
824,Speakers
824,PlugBug
824,WirelessKeyboard
824,Stylus
825,RetinaDisplay
825,Cellular
825,16GB
826,16GB
827,RetinaDisplay
827,32GB
827,Speakers
828,RetinaDisplay
828,16GB
828,Stand
828,Speakers
829,RetinaDisplay
829,Cellular
829,32GB
829,Stand
830,RetinaDisplay
830,64GB
830,Case
830,Stand
831,RetinaDisplay
831,Cellular
831,32GB
831,Case
831,Speakers
832,64GB
833,16GB
833,Speakers
834,16GB
835,Cellular
835,16GB
836,RetinaDisplay
836,Cellular
836,64GB
836,Case
837,RetinaDisplay
837,Cellular
837,64GB
837,Case
837,PlugBug
838,32GB
838,Case
839,RetinaDisplay
839,Cellular
839,32GB
840,RetinaDisplay
840,16GB
841,16GB
842,16GB
843,16GB
843,Case
843,Stand
844,16GB
845,RetinaDisplay
845,32GB
846,RetinaDisplay
846,32GB
846,Stand
846,Speakers
846,PlugBug
846,WirelessKeyboard
847,16GB
848,RetinaDisplay
848,Cellular
848,32GB
848,Case
849,16GB
850,16GB
851,16GB
852,RetinaDisplay
852,Cellular
852,32GB
852,Speakers
853,16GB
854,32GB
854,Case
855,RetinaDisplay
855,Cellular
855,32GB
855,Case
855,Speakers
856,Cellular
856,64GB
856,Speakers
857,RetinaDisplay
857,32GB
857,Case
857,Stand
857,Speakers
857,Stylus
858,RetinaDisplay
858,Cellular
858,32GB
858,Case
858,Stand
858,Speakers
858,PlugBug
858,WirelessKeyboard
858,Stylus
859,RetinaDisplay
859,16GB
860,RetinaDisplay
860,32GB
860,Case
860,Stand
860,Speakers
861,RetinaDisplay
861,Cellular
861,32GB
861,Case
861,Stand
862,16GB
862,Stand
863,RetinaDisplay
863,32GB
863,Stand
863,Speakers
863,PlugBug
863,WirelessKeyboard
864,32GB
865,RetinaDisplay
865,Cellular
865,64GB
865,Case
865,Stand
865,CameraKit
865,WirelessKeyboard
865,Stylus
866,RetinaDisplay
866,64GB
866,Case
866,Stand
866,PlugBug
867,16GB
868,RetinaDisplay
868,16GB
869,16GB
870,16GB
870,Case
871,16GB
872,16GB
873,RetinaDisplay
873,64GB
874,RetinaDisplay
874,16GB
875,16GB
876,32GB
877,16GB
878,32GB
878,Case
879,16GB
880,RetinaDisplay
880,32GB
880,Case
880,Stand
881,RetinaDisplay
881,16GB
882,Cellular
882,32GB
883,32GB
883,Case
884,32GB
884,Case
884,CameraKit
885,32GB
886,RetinaDisplay
886,Cellular
886,64GB
886,Stand
886,Speakers
887,RetinaDisplay
887,16GB
888,16GB
889,RetinaDisplay
889,16GB
889,Stylus
890,32GB
891,16GB
892,16GB
893,32GB
893,Speakers
894,16GB
894,Stylus
895,16GB
895,Stylus
896,32GB
896,Stand
897,64GB
898,RetinaDisplay
898,Cellular
898,32GB
898,Speakers
898,PlugBug
899,RetinaDisplay
899,Cellular
899,32GB
899,Case
899,Stand
899,Speakers
899,PlugBug
899,Stylus
900,RetinaDisplay
900,16GB
901,Cellular
901,16GB
902,RetinaDisplay
902,16GB
902,Stand
902,Speakers
903,RetinaDisplay
903,32GB
903,Case
903,Speakers
904,16GB
905,RetinaDisplay
905,Cellular
905,16GB
905,Stand
905,Speakers
906,RetinaDisplay
906,32GB
907,16GB
908,Cellular
908,16GB
908,Case
908,Stand
908,Speakers
908,CameraKit
908,WirelessKeyboard
908,Stylus
909,RetinaDisplay
909,16GB
910,32GB
910,Case
911,32GB
911,Case
911,CameraKit
912,RetinaDisplay
912,Cellular
912,32GB
912,Stand
912,Speakers
912,PlugBug
912,WirelessKeyboard
913,32GB
913,Stand
913,WirelessKeyboard
914,RetinaDisplay
914,64GB
914,Case
914,Stand
915,RetinaDisplay
915,Cellular
915,64GB
915,Stand
916,32GB
916,PlugBug
917,32GB
918,Cellular
918,32GB
919,RetinaDisplay
919,Cellular
919,64GB
919,Speakers
920,RetinaDisplay
920,16GB
921,16GB
922,RetinaDisplay
922,64GB
922,Case
922,Stand
923,RetinaDisplay
923,32GB
923,PlugBug
924,16GB
924,Speakers
925,RetinaDisplay
925,Cellular
925,64GB
925,Case
925,Speakers
926,Cellular
926,32GB
926,Stand
926,Speakers
927,RetinaDisplay
927,Cellular
927,32GB
928,16GB
929,RetinaDisplay
929,16GB
930,16GB
930,Speakers
931,16GB
931,Case
932,RetinaDisplay
932,Cellular
932,64GB
932,Case
932,Stand
932,Speakers
933,16GB
933,Stand
934,RetinaDisplay
934,32GB
934,Stand
934,Speakers
934,PlugBug
934,WirelessKeyboard
934,Stylus
935,32GB
935,Case
936,RetinaDisplay
936,16GB
936,Case
937,32GB
938,RetinaDisplay
938,32GB
938,Case
938,Speakers
938,PlugBug
939,64GB
940,16GB
940,Stand
941,RetinaDisplay
941,32GB
941,PlugBug
942,16GB
942,Stylus
943,16GB
944,RetinaDisplay
944,32GB
945,16GB
946,Cellular
946,16GB
947,32GB
948,16GB
949,RetinaDisplay
949,32GB
950,16GB
951,RetinaDisplay
951,Cellular
951,64GB
951,Case
951,Speakers
951,PlugBug
951,CameraKit
951,Stylus
952,16GB
952,Speakers
953,Cellular
953,32GB
954,RetinaDisplay
954,Cellular
954,32GB
954,Case
954,PlugBug
954,CameraKit
955,RetinaDisplay
955,64GB
955,Stand
955,Speakers
956,RetinaDisplay
956,16GB
957,32GB
957,Case
957,Stand
957,Speakers
957,PlugBug
957,CameraKit
957,WirelessKeyboard
958,RetinaDisplay
958,Cellular
958,32GB
958,PlugBug
959,Cellular
959,32GB
959,Stylus
960,16GB
961,16GB
962,RetinaDisplay
962,32GB
962,Stand
962,Speakers
962,PlugBug
963,16GB
964,RetinaDisplay
964,Cellular
964,16GB
964,Case
965,RetinaDisplay
965,64GB
965,Stand
966,RetinaDisplay
966,64GB
966,Stand
966,WirelessKeyboard
966,Stylus
967,32GB
967,Speakers
968,16GB
969,RetinaDisplay
969,Cellular
969,64GB
969,Stand
969,Speakers
969,Stylus
970,16GB
970,Case
971,32GB
972,RetinaDisplay
972,32GB
972,Stand
972,Speakers
973,16GB
974,RetinaDisplay
974,Cellular
974,64GB
974,Case
975,RetinaDisplay
975,32GB
975,Case
976,RetinaDisplay
976,32GB
976,Case
976,Stand
977,RetinaDisplay
977,Cellular
977,64GB
977,Case
977,Stand
977,Speakers
978,RetinaDisplay
978,Cellular
978,32GB
978,Case
978,Speakers
979,RetinaDisplay
979,Cellular
979,64GB
979,Case
979,CameraKit
980,RetinaDisplay
980,Cellular
980,32GB
980,Stand
980,Speakers
980,Stylus
981,Cellular
981,32GB
982,RetinaDisplay
982,32GB
983,16GB
984,RetinaDisplay
984,16GB
985,16GB
985,Stand
986,RetinaDisplay
986,Cellular
986,64GB
986,Stand
986,Speakers
987,32GB
988,RetinaDisplay
988,16GB
989,RetinaDisplay
989,Cellular
989,64GB
989,Case
989,Stand
989,Speakers
989,Stylus
990,RetinaDisplay
990,Cellular
990,32GB
990,Case
990,Speakers
990,PlugBug
990,CameraKit
991,RetinaDisplay
991,32GB
992,16GB
992,Stylus
993,RetinaDisplay
993,16GB
994,32GB
994,Stylus
995,16GB
995,Stand
995,Speakers
995,Stylus
996,16GB
997,16GB
998,16GB
998,Stylus
999,RetinaDisplay
999,Cellular
999,32GB
999,Stand
999,PlugBug
1000,Cellular
1000,16GB
1001,RetinaDisplay
1001,Cellular
1001,32GB
1001,Speakers
1001,PlugBug
1002,RetinaDisplay
1002,64GB
1002,Speakers
1003,RetinaDisplay
1003,32GB
1003,Case
1003,Stand
1003,Speakers
1004,16GB
1005,RetinaDisplay
1005,Cellular
1005,32GB
1005,Stand
1005,Speakers
1006,16GB
1006,Stand
1007,16GB
1008,32GB
1008,Speakers
1008,PlugBug
1009,16GB
1010,16GB
1011,RetinaDisplay
1011,32GB
1012,32GB
1013,32GB
1013,Case
1014,Cellular
1014,32GB
1014,Stand
1014,Speakers
1015,RetinaDisplay
1015,Cellular
1015,32GB
1015,PlugBug
1016,32GB
1017,RetinaDisplay
1017,16GB
1018,RetinaDisplay
1018,Cellular
1018,64GB
1018,Stand
1018,Stylus
1019,RetinaDisplay
1019,16GB
1020,64GB
1020,Case
1021,16GB
1022,Cellular
1022,16GB
1023,16GB
1024,Cellular
1024,16GB
1024,Speakers
1025,16GB
1026,64GB
1026,Speakers
1027,16GB
1028,RetinaDisplay
1028,32GB
1028,Stand
1029,16GB
1030,Cellular
1030,16GB
1031,16GB
1031,Stand
1032,RetinaDisplay
1032,32GB
1033,64GB
1033,Stand
1034,RetinaDisplay
1034,Cellular
1034,32GB
1034,Case
1034,CameraKit
1035,Cellular
1035,32GB
1035,Speakers
1036,RetinaDisplay
1036,Cellular
1036,32GB
1036,Speakers
1037,RetinaDisplay
1037,Cellular
1037,16GB
1038,16GB
1039,32GB
1039,Stylus
1040,64GB
1041,16GB
1041,Case
1042,32GB
1043,Cellular
1043,16GB
1044,64GB
1045,RetinaDisplay
1045,64GB
1045,Case
1045,Stand
1046,RetinaDisplay
1046,Cellular
1046,64GB
1046,Case
1047,RetinaDisplay
1047,Cellular
1047,32GB
1047,Case
1047,Stand
1047,Speakers
1047,PlugBug
1048,32GB
1048,Case
1048,Speakers
1048,CameraKit
1049,16GB
1050,RetinaDisplay
1050,32GB
1051,16GB
1052,32GB
1052,Stand
1052,Speakers
1053,RetinaDisplay
1053,Cellular
1053,32GB
1053,PlugBug
1054,Cellular
1054,32GB
1055,16GB
1055,Case
1055,Stand
1055,Stylus
1056,64GB
1057,RetinaDisplay
1057,64GB
1057,Stand
1057,Speakers
1058,16GB
1059,Cellular
1059,32GB
1059,PlugBug
1060,RetinaDisplay
1060,Cellular
1060,32GB
1060,Stand
1060,Speakers
1061,16GB
1062,RetinaDisplay
1062,32GB
1062,Speakers
1063,RetinaDisplay
1063,64GB
1063,Stand
1063,PlugBug
1063,WirelessKeyboard
1064,RetinaDisplay
1064,Cellular
1064,32GB
1064,Case
1064,Stand
1064,Speakers
1065,64GB
1066,RetinaDisplay
1066,Cellular
1066,16GB
1067,16GB
1067,Stylus
1068,32GB
1069,RetinaDisplay
1069,16GB
1070,16GB
1071,RetinaDisplay
1071,Cellular
1071,32GB
1071,Stand
1071,Speakers
1071,PlugBug
1071,WirelessKeyboard
1072,RetinaDisplay
1072,32GB
1072,PlugBug
1073,RetinaDisplay
1073,16GB
1073,Speakers
1074,16GB
1074,Stylus
1075,RetinaDisplay
1075,16GB
1076,RetinaDisplay
1076,32GB
1076,Case
1077,16GB
1078,16GB
1079,RetinaDisplay
1079,Cellular
1079,64GB
1079,Stand
1079,Speakers
1080,RetinaDisplay
1080,Cellular
1080,32GB
1080,Speakers
1080,PlugBug
1081,RetinaDisplay
1081,Cellular
1081,32GB
1081,Case
1081,Speakers
1081,PlugBug
1081,CameraKit
1082,Cellular
1082,32GB
1083,RetinaDisplay
1083,64GB
1083,Case
1083,Stand
1083,Speakers
1083,CameraKit
1083,WirelessKeyboard
1084,32GB
1085,16GB
1086,RetinaDisplay
1086,64GB
1086,Stand
1086,Speakers
1087,RetinaDisplay
1087,Cellular
1087,32GB
1087,Case
1088,RetinaDisplay
1088,16GB
1089,32GB
1090,32GB
1090,Stand
1090,Speakers
1091,RetinaDisplay
1091,64GB
1091,Case
1091,PlugBug
1091,CameraKit
1092,32GB
1093,RetinaDisplay
1093,Cellular
1093,32GB
1093,Case
1093,Speakers
1093,Stylus
1094,RetinaDisplay
1094,64GB
1095,16GB
1096,32GB
1097,Cellular
1097,32GB
1097,Case
1097,Stand
1097,Speakers
1098,16GB
1099,RetinaDisplay
1099,Cellular
1099,64GB
1099,Case
1099,PlugBug
1099,CameraKit
1100,16GB
1101,RetinaDisplay
1101,16GB
1101,Stylus
1102,RetinaDisplay
1102,Cellular
1102,32GB
1102,Case
1102,Speakers
1102,PlugBug
1103,RetinaDisplay
1103,64GB
1103,Stand
1103,PlugBug
1103,WirelessKeyboard
1104,16GB
1105,32GB
1105,Case
1105,CameraKit
1106,32GB
1106,Speakers
1107,64GB
1107,Stand
1108,RetinaDisplay
1108,Cellular
1108,32GB
1108,Case
1108,Speakers
1109,16GB
1109,Case
1110,RetinaDisplay
1110,Cellular
1110,16GB
1110,Stand
1110,WirelessKeyboard
1111,RetinaDisplay
1111,Cellular
1111,32GB
1111,Case
1111,Speakers
1112,RetinaDisplay
1112,Cellular
1112,32GB
1112,Case
1112,Stand
1112,Stylus
1113,16GB
1114,Cellular
1114,16GB
1115,RetinaDisplay
1115,32GB
1115,Stand
1116,RetinaDisplay
1116,Cellular
1116,32GB
1116,PlugBug
1117,32GB
1118,RetinaDisplay
1118,64GB
1119,32GB
1119,Case
1120,RetinaDisplay
1120,64GB
1120,Speakers
1120,PlugBug
1120,Stylus
1121,64GB
1121,Speakers
1121,PlugBug
1122,RetinaDisplay
1122,64GB
1122,PlugBug
1123,RetinaDisplay
1123,64GB
1124,RetinaDisplay
1124,64GB
1124,Case
1124,PlugBug
1124,CameraKit
1125,RetinaDisplay
1125,32GB
1125,Speakers
1126,RetinaDisplay
1126,32GB
1126,Case
1126,Stand
1126,Speakers
1126,PlugBug
1127,RetinaDisplay
1127,Cellular
1127,64GB
1127,Stand
1127,Speakers
1128,RetinaDisplay
1128,32GB
1128,Stand
1129,32GB
1130,16GB
1131,64GB
1132,RetinaDisplay
1132,32GB
1133,RetinaDisplay
1133,Cellular
1133,16GB
1133,Case
1133,Speakers
1134,Cellular
1134,32GB
1135,32GB
1135,Stand
1136,16GB
1137,RetinaDisplay
1137,Cellular
1137,32GB
1137,Speakers
1137,PlugBug
1138,64GB
1139,RetinaDisplay
1139,Cellular
1139,32GB
1140,RetinaDisplay
1140,64GB
1141,RetinaDisplay
1141,64GB
1141,Speakers
1141,Stylus
1142,16GB
1143,16GB
1143,Stylus
1144,16GB
1144,Stand
1144,Stylus
1145,16GB
1146,Cellular
1146,32GB
1146,Stand
1147,16GB
1148,32GB
1149,RetinaDisplay
1149,Cellular
1149,64GB
1149,Speakers
1150,16GB
1151,RetinaDisplay
1151,Cellular
1151,32GB
1151,Speakers
1152,16GB
1153,16GB
1153,Stylus
1154,RetinaDisplay
1154,32GB
1155,RetinaDisplay
1155,64GB
1155,Stand
1155,Speakers
1155,PlugBug
1156,RetinaDisplay
1156,64GB
1156,Case
1156,Stand
1156,CameraKit
1156,WirelessKeyboard
1156,Stylus
1157,32GB
1157,Speakers
1157,PlugBug
1158,RetinaDisplay
1158,32GB
1159,16GB
1159,Stand
1160,16GB
1160,Stylus
1161,32GB
1162,64GB
1162,Stand
1162,Speakers
1162,PlugBug
1162,WirelessKeyboard
1163,RetinaDisplay
1163,16GB
1164,RetinaDisplay
1164,Cellular
1164,32GB
1164,Stand
1164,Speakers
1164,PlugBug
1165,16GB
1165,Stand
1166,64GB
1167,RetinaDisplay
1167,Cellular
1167,64GB
1167,Case
1167,Stand
1168,RetinaDisplay
1168,Cellular
1168,32GB
1168,Speakers
1168,PlugBug
1169,32GB
1170,16GB
1171,RetinaDisplay
1171,Cellular
1171,32GB
1171,Case
1171,Stand
1171,Speakers
1171,PlugBug
1172,16GB
1173,16GB
1174,32GB
1174,Case
1175,Cellular
1175,16GB
1175,Stand
1176,RetinaDisplay
1176,32GB
1176,Stand
1176,Speakers
1176,Stylus
1177,RetinaDisplay
1177,64GB
1177,Case
1177,Stand
1177,Speakers
1177,PlugBug
1177,CameraKit
1177,WirelessKeyboard
1178,RetinaDisplay
1178,16GB
1178,Stand
1178,Speakers
1179,32GB
1180,32GB
1181,RetinaDisplay
1181,64GB
1181,Case
1181,Stand
1181,PlugBug
1181,WirelessKeyboard
1181,Stylus
1182,32GB
1182,Stand
1182,Speakers
1183,16GB
1184,16GB
1185,16GB
1186,32GB
1187,16GB
1187,Stand
1188,RetinaDisplay
1188,32GB
1188,Case
1188,Speakers
1189,RetinaDisplay
1189,Cellular
1189,32GB
1189,Speakers
1189,Stylus
1190,RetinaDisplay
1190,32GB
1190,Case
1190,Stand
1190,Speakers
1191,RetinaDisplay
1191,16GB
1191,Stand
1192,16GB
1193,Cellular
1193,32GB
1193,Stand
1193,Speakers
1194,16GB
1194,Stylus
1195,Cellular
1195,32GB
1195,Speakers
1195,PlugBug
1196,RetinaDisplay
1196,Cellular
1196,32GB
1197,16GB
1198,16GB
1199,RetinaDisplay
1199,16GB
1199,Speakers
1200,RetinaDisplay
1200,32GB
1200,Speakers
1200,Stylus
1201,RetinaDisplay
1201,Cellular
1201,32GB
1201,PlugBug
1202,RetinaDisplay
1202,64GB
1202,Case
1202,Speakers
1203,RetinaDisplay
1203,Cellular
1203,32GB
1204,16GB
1204,Stand
1205,Cellular
1205,16GB
1206,16GB
1206,Case
1206,Stylus
1207,RetinaDisplay
1207,32GB
1208,RetinaDisplay
1208,Cellular
1208,32GB
1208,Case
1209,RetinaDisplay
1209,16GB
1210,16GB
1211,16GB
1212,32GB
1212,Stand
1212,Speakers
1213,RetinaDisplay
1213,16GB
1214,32GB
1214,Speakers
1215,16GB
1216,RetinaDisplay
1216,16GB
1217,16GB
1218,Cellular
1218,16GB
1219,16GB
1220,RetinaDisplay
1220,16GB
1220,Case
1221,Cellular
1221,32GB
1221,Speakers
1222,16GB
1223,RetinaDisplay
1223,64GB
1223,Stand
1223,Stylus
1224,RetinaDisplay
1224,Cellular
1224,16GB
1224,Speakers
1225,RetinaDisplay
1225,Cellular
1225,32GB
1225,Case
1225,Speakers
1226,16GB
1227,32GB
1228,64GB
1229,16GB
1230,16GB
1230,Stand
1231,RetinaDisplay
1231,32GB
1231,Case
1231,Stand
1232,RetinaDisplay
1232,32GB
1232,Stand
1232,Speakers
1233,16GB
1233,Stand
1233,Stylus
1234,32GB
1234,PlugBug
1235,16GB
1236,RetinaDisplay
1236,32GB
1236,Stand
1236,Speakers
1237,Cellular
1237,32GB
1237,PlugBug
1238,Cellular
1238,16GB
1239,16GB
1239,Stylus
1240,16GB
1241,RetinaDisplay
1241,16GB
1242,RetinaDisplay
1242,Cellular
1242,32GB
1242,Case
1242,Stand
1242,Speakers
1242,PlugBug
1242,CameraKit
1242,WirelessKeyboard
1242,Stylus
1243,16GB
1244,RetinaDisplay
1244,Cellular
1244,32GB
1244,Case
1244,Stand
1244,Speakers
1245,Cellular
1245,64GB
1245,Stand
1245,WirelessKeyboard
1246,RetinaDisplay
1246,32GB
1246,Stand
1246,Speakers
1246,PlugBug
1246,WirelessKeyboard
1246,Stylus
1247,RetinaDisplay
1247,32GB
1247,Case
1247,Stand
1247,Speakers
1248,RetinaDisplay
1248,Cellular
1248,64GB
1248,Case
1249,16GB
1249,Speakers
1250,RetinaDisplay
1250,16GB
1250,Stand
1251,RetinaDisplay
1251,32GB
1251,Case
1251,PlugBug
1252,32GB
1253,RetinaDisplay
1253,Cellular
1253,64GB
1253,Case
1253,Stand
1254,RetinaDisplay
1254,16GB
1255,RetinaDisplay
1255,16GB
1256,RetinaDisplay
1256,Cellular
1256,32GB
1256,Speakers
1257,16GB
1257,Case
1258,32GB
1259,64GB
1260,16GB
1260,Case
1260,Speakers
1261,16GB
1262,RetinaDisplay
1262,32GB
1262,PlugBug
1263,32GB
1264,32GB
1265,16GB
1265,Stylus
1266,RetinaDisplay
1266,16GB
1266,Stand
1266,Speakers
1266,WirelessKeyboard
1267,16GB
1268,16GB
1269,64GB
1269,Speakers
1270,32GB
1270,Speakers
1271,RetinaDisplay
1271,16GB
1272,16GB
1273,16GB
1273,Speakers
1273,Stylus
1274,RetinaDisplay
1274,16GB
1275,32GB
1276,16GB
1276,Stand
1277,RetinaDisplay
1277,32GB
1277,Case
1277,Speakers
1277,PlugBug
1278,64GB
1279,RetinaDisplay
1279,Cellular
1279,32GB
1279,Case
1280,Cellular
1280,16GB
1281,RetinaDisplay
1281,32GB
1281,Case
1282,16GB
1283,16GB
1283,Speakers
1284,RetinaDisplay
1284,64GB
1284,Case
1284,Stand
1284,Speakers
1284,PlugBug
1284,CameraKit
1284,WirelessKeyboard
1285,16GB
1286,RetinaDisplay
1286,Cellular
1286,32GB
1286,Case
1286,Speakers
1287,32GB
1288,RetinaDisplay
1288,32GB
1288,Case
1288,Speakers
1288,PlugBug
1288,CameraKit
1288,Stylus
1289,32GB
1290,32GB
1291,RetinaDisplay
1291,Cellular
1291,32GB
1291,Speakers
1292,RetinaDisplay
1292,16GB
1293,RetinaDisplay
1293,Cellular
1293,32GB
1293,Stand
1293,Speakers
1293,PlugBug
1294,32GB
1295,16GB
1296,RetinaDisplay
1296,Cellular
1296,64GB
1296,Case
1296,Stand
1296,Speakers
1296,Stylus
1297,RetinaDisplay
1297,Cellular
1297,32GB
1297,Case
1297,Stand
1297,Speakers
1298,RetinaDisplay
1298,32GB
1298,Speakers
1298,PlugBug
1299,RetinaDisplay
1299,32GB
1299,Stand
1300,RetinaDisplay
1300,16GB
1301,RetinaDisplay
1301,Cellular
1301,64GB
1301,Case
1301,Stand
1301,Speakers
1301,PlugBug
1301,CameraKit
1301,WirelessKeyboard
1302,RetinaDisplay
1302,16GB
1302,Stand
1303,RetinaDisplay
1303,Cellular
1303,32GB
1303,Case
1303,Speakers
1304,RetinaDisplay
1304,64GB
1304,Stand
1304,PlugBug
1304,WirelessKeyboard
1305,64GB
1306,RetinaDisplay
1306,16GB
1306,Stand
1306,WirelessKeyboard
1307,RetinaDisplay
1307,Cellular
1307,16GB
1307,Case
1307,Stand
1307,Speakers
1308,32GB
1309,RetinaDisplay
1309,Cellular
1309,32GB
1310,RetinaDisplay
1310,64GB
1310,Case
1310,Stand
1310,Speakers
1310,PlugBug
1310,Stylus
1311,32GB
1311,Stand
1311,Speakers
1312,32GB
1313,64GB
1314,64GB
1315,RetinaDisplay
1315,32GB
1315,Case
1315,Stand
1315,Speakers
1316,64GB
1317,RetinaDisplay
1317,Cellular
1317,16GB
1318,32GB
1319,16GB
1319,Case
1320,16GB
1321,RetinaDisplay
1321,64GB
1322,RetinaDisplay
1322,32GB
1323,RetinaDisplay
1323,64GB
1323,Speakers
1324,Cellular
1324,32GB
1324,Case
1324,Stand
1324,Speakers
1324,Stylus
1325,RetinaDisplay
1325,16GB
1325,Stylus
1326,RetinaDisplay
1326,32GB
1326,Stand
1326,PlugBug
1326,WirelessKeyboard
1327,16GB
1328,Cellular
1328,64GB
1328,Case
1328,Stand
1328,Stylus
1329,32GB
1329,Stand
1329,Speakers
1329,WirelessKeyboard
1330,16GB
1331,16GB
1332,16GB
1333,RetinaDisplay
1333,Cellular
1333,32GB
1333,Speakers
1333,Stylus
1334,32GB
1335,RetinaDisplay
1335,Cellular
1335,32GB
1335,PlugBug
1336,RetinaDisplay
1336,Cellular
1336,16GB
1337,32GB
1337,Case
1338,16GB
1338,Stylus
1339,RetinaDisplay
1339,32GB
1339,Stand
1339,Speakers
1340,RetinaDisplay
1340,64GB
1341,32GB
1342,Cellular
1342,32GB
1342,Case
1342,Stand
1343,16GB
1344,16GB
1345,RetinaDisplay
1345,16GB
1346,RetinaDisplay
1346,Cellular
1346,64GB
1346,Case
1346,Stand
1346,Speakers
1347,RetinaDisplay
1347,32GB
1347,Stand
1347,Speakers
1348,RetinaDisplay
1348,32GB
1348,Case
1348,PlugBug
1348,CameraKit
1349,RetinaDisplay
1349,Cellular
1349,32GB
1349,Stand
1349,Speakers
1350,Cellular
1350,64GB
1350,Case
1350,Stand
1350,Speakers
1351,Cellular
1351,16GB
1351,Stand
1352,Cellular
1352,16GB
1353,16GB
1354,16GB
1355,RetinaDisplay
1355,64GB
1355,Case
1355,Stand
1355,Speakers
1356,64GB
1357,RetinaDisplay
1357,64GB
1358,32GB
1359,RetinaDisplay
1359,Cellular
1359,32GB
1359,Case
1359,Stand
1359,Speakers
1360,Cellular
1360,32GB
1361,RetinaDisplay
1361,Cellular
1361,16GB
1361,Case
1361,Speakers
1361,CameraKit
1362,16GB
1363,16GB
1364,RetinaDisplay
1364,16GB
1365,32GB
1365,Case
1366,RetinaDisplay
1366,Cellular
1366,64GB
1366,Case
1366,Stand
1366,Speakers
1367,RetinaDisplay
1367,16GB
1367,Speakers
1368,RetinaDisplay
1368,64GB
1369,RetinaDisplay
1369,32GB
1369,Stand
1369,PlugBug
1369,WirelessKeyboard
1369,Stylus
1370,RetinaDisplay
1370,Cellular
1370,32GB
1370,Case
1370,Stand
1370,Speakers
1371,Cellular
1371,32GB
1371,Case
1372,RetinaDisplay
1372,Cellular
1372,64GB
1372,Case
1373,RetinaDisplay
1373,Cellular
1373,32GB
1373,Case
1373,Stand
1373,Speakers
1374,32GB
1375,16GB
1376,16GB
1377,RetinaDisplay
1377,32GB
1378,16GB
1379,RetinaDisplay
1379,32GB
1379,Case
1379,PlugBug
1380,16GB
1381,32GB
1382,16GB
1383,16GB
1384,16GB
1385,RetinaDisplay
1385,32GB
1385,Case
1385,Speakers
1386,RetinaDisplay
1386,16GB
1387,RetinaDisplay
1387,16GB
1388,Cellular
1388,32GB
1388,Speakers
1389,RetinaDisplay
1389,Cellular
1389,64GB
1389,Case
1389,Stand
1389,Speakers
1390,32GB
1391,16GB
1392,32GB
1393,Cellular
1393,16GB
1394,16GB
1395,RetinaDisplay
1395,Cellular
1395,16GB
1396,32GB
1396,Speakers
1397,64GB
1397,Stand
1397,PlugBug
1397,WirelessKeyboard
1398,16GB
1398,Stand
1398,Speakers
1399,RetinaDisplay
1399,Cellular
1399,32GB
1399,Case
1399,Stand
1399,Stylus
1400,32GB
1401,16GB
1401,Speakers
1402,32GB
1402,Case
1402,Stand
1403,64GB
1404,RetinaDisplay
1404,32GB
1404,Case
1405,64GB
1405,Case
1405,PlugBug
1405,CameraKit
1406,RetinaDisplay
1406,Cellular
1406,32GB
1406,Stand
1407,RetinaDisplay
1407,64GB
1407,Case
1407,Speakers
1408,RetinaDisplay
1408,32GB
1408,Case
1408,Speakers
1408,Stylus
1409,32GB
1410,RetinaDisplay
1410,16GB
1411,Cellular
1411,16GB
1412,RetinaDisplay
1412,Cellular
1412,64GB
1412,Case
1412,Speakers
1413,RetinaDisplay
1413,32GB
1413,Case
1413,PlugBug
1414,64GB
1415,RetinaDisplay
1415,Cellular
1415,32GB
1415,Speakers
1415,PlugBug
1416,16GB
1416,Case
1417,16GB
1418,16GB
1419,32GB
1420,RetinaDisplay
1420,Cellular
1420,16GB
1420,Speakers
1421,64GB
1422,32GB
1422,Stand
1422,Speakers
1423,RetinaDisplay
1423,16GB
1423,Case
1424,Cellular
1424,16GB
1425,RetinaDisplay
1425,16GB
1425,Stand
1425,Speakers
1425,WirelessKeyboard
1426,RetinaDisplay
1426,32GB
1426,Case
1426,Speakers
1426,PlugBug
1427,Cellular
1427,32GB
1427,Case
1427,Speakers
1428,Cellular
1428,16GB
1429,32GB
1429,Speakers
1430,32GB
1430,Stand
1431,16GB
1432,RetinaDisplay
1432,16GB
1432,Case
1433,16GB
1434,16GB
1434,Case
1434,CameraKit
1435,RetinaDisplay
1435,32GB
1436,16GB
1437,16GB
1438,16GB
1438,Stylus
1439,RetinaDisplay
1439,Cellular
1439,32GB
1439,Case
1439,Stand
1439,Speakers
1440,16GB
1441,RetinaDisplay
1441,Cellular
1441,32GB
1441,Case
1441,Stand
1442,16GB
1442,Stand
1443,Cellular
1443,64GB
1444,32GB
1445,RetinaDisplay
1445,Cellular
1445,32GB
1445,Case
1445,Stand
1445,PlugBug
1445,CameraKit
1445,WirelessKeyboard
1446,16GB
1447,RetinaDisplay
1447,64GB
1447,Case
1448,RetinaDisplay
1448,Cellular
1448,64GB
1448,Stand
1448,Speakers
1449,64GB
1449,Case
1449,Stand
1449,Speakers
1449,PlugBug
1449,CameraKit
1449,WirelessKeyboard
1450,RetinaDisplay
1450,16GB
1451,16GB
1452,RetinaDisplay
1452,32GB
1452,PlugBug
1453,RetinaDisplay
1453,32GB
1454,RetinaDisplay
1454,16GB
1454,Speakers
1455,RetinaDisplay
1455,Cellular
1455,64GB
1455,Case
1455,PlugBug
1456,RetinaDisplay
1456,Cellular
1456,32GB
1456,Stand
1456,Speakers
1457,RetinaDisplay
1457,Cellular
1457,64GB
1457,Case
1457,Stand
1457,Stylus
1458,16GB
1458,Stylus
1459,RetinaDisplay
1459,Cellular
1459,64GB
1459,Stand
1459,Speakers
1460,64GB
1461,RetinaDisplay
1461,16GB
1462,RetinaDisplay
1462,Cellular
1462,64GB
1462,Case
1463,16GB
1464,32GB
1465,RetinaDisplay
1465,Cellular
1465,16GB
1466,16GB
1466,Speakers
1467,32GB
1467,Stand
1467,Stylus
1468,16GB
1469,Cellular
1469,32GB
1469,Stand
1469,Speakers
1470,RetinaDisplay
1470,16GB
1471,Cellular
1471,16GB
1472,RetinaDisplay
1472,Cellular
1472,64GB
1472,Case
1473,RetinaDisplay
1473,64GB
1473,Case
1473,Speakers
1474,32GB
1475,RetinaDisplay
1475,32GB
1475,Stand
1475,Speakers
1476,16GB
1477,32GB
1478,RetinaDisplay
1478,32GB
1478,Case
1478,Stand
1478,PlugBug
1478,CameraKit
1479,16GB
1480,RetinaDisplay
1480,Cellular
1480,64GB
1480,Stand
1480,Speakers
1481,16GB
1482,RetinaDisplay
1482,32GB
1482,Stand
1483,RetinaDisplay
1483,32GB
1483,Stand
1483,Speakers
1484,16GB
1485,Cellular
1485,16GB
1485,Stand
1486,RetinaDisplay
1486,64GB
1486,Speakers
1486,PlugBug
1487,16GB
1488,Cellular
1488,64GB
1488,Stand
1488,PlugBug
1488,WirelessKeyboard
1489,RetinaDisplay
1489,16GB
1490,RetinaDisplay
1490,Cellular
1490,64GB
1491,64GB
1492,16GB
1492,Case
1493,RetinaDisplay
1493,Cellular
1493,32GB
1493,Case
1493,Stand
1494,32GB
1494,Stylus
1495,16GB
1495,Case
1495,Stylus
1496,16GB
1497,RetinaDisplay
1497,16GB
1497,Speakers
1498,RetinaDisplay
1498,32GB
1498,Case
1499,32GB
1500,32GB
1501,32GB
1502,RetinaDisplay
1502,32GB
1502,Case
1502,Stand
1502,Speakers
1503,64GB
1504,16GB
1505,16GB
1505,Stand
1505,Stylus
1506,16GB
1506,Case
1506,Speakers
1507,16GB
1507,Case
1507,Stylus
1508,32GB
1509,RetinaDisplay
1509,16GB
1510,16GB
1511,RetinaDisplay
1511,32GB
1511,Case
1511,Stand
1511,Speakers
1511,Stylus
1512,RetinaDisplay
1512,Cellular
1512,32GB
1512,Case
1512,Stand
1512,PlugBug
1512,WirelessKeyboard
1513,16GB
1514,16GB
1515,RetinaDisplay
1515,16GB
1515,Speakers
1516,RetinaDisplay
1516,Cellular
1516,32GB
1516,Speakers
1517,RetinaDisplay
1517,Cellular
1517,16GB
1517,Case
1517,Speakers
1518,16GB
1519,16GB
1520,RetinaDisplay
1520,64GB
1520,Stand
1520,Speakers
1521,RetinaDisplay
1521,Cellular
1521,32GB
1522,16GB
1523,RetinaDisplay
1523,Cellular
1523,32GB
1523,Stand
1523,Speakers
1524,RetinaDisplay
1524,32GB
1524,Case
1524,Stand
1524,Speakers
1524,PlugBug
1524,CameraKit
1524,WirelessKeyboard
1525,32GB
1525,Case
1525,Speakers
1526,32GB
1527,32GB
1528,RetinaDisplay
1528,16GB
1529,RetinaDisplay
1529,32GB
1529,Case
1529,Stand
1529,PlugBug
1530,64GB
1530,Stand
1530,WirelessKeyboard
1531,RetinaDisplay
1531,Cellular
1531,64GB
1531,Stand
1531,Speakers
1531,PlugBug
1532,16GB
1533,Cellular
1533,16GB
1533,Speakers
1534,Cellular
1534,16GB
1534,Speakers
1535,32GB
1536,RetinaDisplay
1536,32GB
1537,Cellular
1537,16GB
1538,RetinaDisplay
1538,16GB
1538,Stylus
1539,RetinaDisplay
1539,32GB
1539,Stand
1539,Speakers
1539,Stylus
1540,RetinaDisplay
1540,16GB
1540,Stand
1541,64GB
1542,RetinaDisplay
1542,Cellular
1542,32GB
1542,Case
1542,Stand
1543,64GB
1543,Stand
1543,Speakers
1544,Cellular
1544,64GB
1545,Cellular
1545,32GB
1545,Stand
1545,PlugBug
1546,RetinaDisplay
1546,Cellular
1546,64GB
1546,Speakers
1547,16GB
1548,16GB
1548,Stylus
1549,16GB
1550,16GB
1550,Stylus
1551,RetinaDisplay
1551,64GB
1551,Case
1551,Speakers
1552,Cellular
1552,32GB
1552,Case
1553,Cellular
1553,16GB
1553,Case
1553,Speakers
1554,32GB
1555,RetinaDisplay
1555,32GB
1556,RetinaDisplay
1556,32GB
1557,RetinaDisplay
1557,16GB
1557,Speakers
1558,16GB
1559,RetinaDisplay
1559,Cellular
1559,32GB
1560,RetinaDisplay
1560,32GB
1560,Speakers
1561,Cellular
1561,32GB
1561,PlugBug
1562,RetinaDisplay
1562,32GB
1562,Stand
1562,Speakers
1562,Stylus
1563,16GB
1564,16GB
1565,16GB
1566,16GB
1567,RetinaDisplay
1567,16GB
1568,RetinaDisplay
1568,16GB
1568,Stand
1569,RetinaDisplay
1569,16GB
1569,Case
1569,Speakers
1570,32GB
1570,Stylus
1571,RetinaDisplay
1571,Cellular
1571,64GB
1571,Case
1571,Stand
1571,Speakers
1572,32GB
1572,Speakers
1573,RetinaDisplay
1573,16GB
1574,16GB
1574,Stylus
1575,16GB
1575,Case
1576,16GB
1576,Stylus
1577,16GB
1577,Speakers
1578,16GB
1578,Stand
1579,16GB
1580,64GB
1581,64GB
1582,RetinaDisplay
1582,Cellular
1582,16GB
1582,Speakers
1583,16GB
1584,RetinaDisplay
1584,16GB
1584,Speakers
1585,16GB
1586,RetinaDisplay
1586,64GB
1586,Speakers
1587,RetinaDisplay
1587,32GB
1587,Stand
1587,Speakers
1588,16GB
1589,32GB
1589,Case
1589,Speakers
1589,Stylus
1590,16GB
1591,16GB
1591,Stand
1592,16GB
1592,Stand
1593,16GB
1594,32GB
1595,16GB
1595,Stand
1596,32GB
1597,RetinaDisplay
1597,32GB
1597,Stand
1598,32GB
1599,RetinaDisplay
1599,16GB
1599,Stand
1600,16GB
1601,RetinaDisplay
1601,32GB
1601,PlugBug
1602,16GB
1602,Case
1603,16GB
1604,64GB
1605,16GB
1606,Cellular
1606,32GB
1606,Case
1606,PlugBug
1606,CameraKit
1607,16GB
1608,16GB
1609,32GB
1609,Speakers
1610,RetinaDisplay
1610,Cellular
1610,64GB
1610,Stand
1610,PlugBug
1611,RetinaDisplay
1611,16GB
1612,RetinaDisplay
1612,16GB
1613,16GB
1614,16GB
1614,Case
1615,RetinaDisplay
1615,16GB
1616,RetinaDisplay
1616,16GB
1617,16GB
1618,16GB
1618,Stand
1619,16GB
1620,16GB
1621,RetinaDisplay
1621,16GB
1622,Cellular
1622,16GB
1623,32GB
1624,16GB
1625,RetinaDisplay
1625,16GB
1626,RetinaDisplay
1626,16GB
1627,32GB
1628,16GB
1628,Case
1628,Speakers
1629,RetinaDisplay
1629,64GB
1629,Stand
1629,Speakers
1629,WirelessKeyboard
1629,Stylus
1630,RetinaDisplay
1630,32GB
1630,Case
1630,Speakers
1630,Stylus
1631,Cellular
1631,32GB
1631,PlugBug
1631,Stylus
1632,16GB
1633,RetinaDisplay
1633,32GB
1633,Speakers
1634,RetinaDisplay
1634,32GB
1634,Stand
1635,32GB
1636,RetinaDisplay
1636,32GB
1636,Speakers
1636,PlugBug
1637,16GB
1638,16GB
1639,RetinaDisplay
1639,32GB
1639,PlugBug
1639,Stylus
1640,64GB
1640,Case
1641,32GB
1642,32GB
1643,16GB
1644,16GB
1645,RetinaDisplay
1645,32GB
1646,32GB
1647,32GB
1648,RetinaDisplay
1648,Cellular
1648,64GB
1648,Case
1648,CameraKit
1649,Cellular
1649,32GB
1649,Case
1649,Stand
1649,Speakers
1650,RetinaDisplay
1650,32GB
1650,Stand
1651,RetinaDisplay
1651,16GB
1652,16GB
1653,32GB
1653,Stand
1653,Speakers
1654,RetinaDisplay
1654,Cellular
1654,32GB
1654,Stand
1654,Speakers
1655,RetinaDisplay
1655,64GB
1656,16GB
1657,16GB
1658,RetinaDisplay
1658,16GB
1659,Cellular
1659,16GB
1659,Case
1660,RetinaDisplay
1660,Cellular
1660,64GB
1660,Case
1660,Stand
1660,PlugBug
1660,CameraKit
1660,WirelessKeyboard
1661,RetinaDisplay
1661,Cellular
1661,32GB
1661,Stand
1662,RetinaDisplay
1662,Cellular
1662,64GB
1663,16GB
1664,32GB
1664,Stand
1665,RetinaDisplay
1665,32GB
1666,64GB
1666,Case
1667,RetinaDisplay
1667,32GB
1667,Speakers
1667,PlugBug
1668,64GB
1668,Case
1668,Stand
1668,Speakers
1668,Stylus
1669,Cellular
1669,32GB
1670,16GB
1671,64GB
1672,RetinaDisplay
1672,Cellular
1672,16GB
1672,Case
1673,32GB
1673,Stand
1673,Stylus
1674,RetinaDisplay
1674,Cellular
1674,16GB
1674,Stand
1674,Speakers
1675,16GB
1676,32GB
1676,Stand
1676,Speakers
1676,PlugBug
1676,Stylus
1677,RetinaDisplay
1677,Cellular
1677,32GB
1677,PlugBug
1678,RetinaDisplay
1678,Cellular
1678,32GB
1678,Case
1678,Stand
1678,Speakers
1679,16GB
1680,RetinaDisplay
1680,32GB
1681,RetinaDisplay
1681,32GB
1681,Stand
1681,Speakers
1681,Stylus
1682,RetinaDisplay
1682,64GB
1682,Case
1682,Speakers
1682,PlugBug
1682,CameraKit
1683,RetinaDisplay
1683,Cellular
1683,32GB
1683,Case
1683,Stand
1683,Speakers
1683,PlugBug
1683,CameraKit
1683,WirelessKeyboard
1683,Stylus
1684,32GB
1685,16GB
1685,Stylus
1686,64GB
1686,Case
1687,32GB
1688,RetinaDisplay
1688,32GB
1688,PlugBug
1689,Cellular
1689,16GB
1690,RetinaDisplay
1690,16GB
1691,RetinaDisplay
1691,64GB
1692,RetinaDisplay
1692,32GB
1692,Case
1692,Stand
1693,16GB
1694,32GB
1695,16GB
1695,Stylus
1696,32GB
1697,RetinaDisplay
1697,16GB
1698,RetinaDisplay
1698,Cellular
1698,32GB
1698,Case
1698,Stand
1699,RetinaDisplay
1699,Cellular
1699,32GB
1699,Stand
1699,Speakers
1700,16GB
1701,16GB
1702,RetinaDisplay
1702,64GB
1702,Speakers
1702,PlugBug
1703,Cellular
1703,32GB
1703,Stand
1703,Speakers
1703,Stylus
1704,RetinaDisplay
1704,16GB
1704,Case
1704,Stand
1704,Speakers
1705,32GB
1706,16GB
1706,Speakers
1707,16GB
1708,32GB
1708,Case
1709,16GB
1709,Stylus
1710,16GB
1711,64GB
1712,RetinaDisplay
1712,Cellular
1712,32GB
1712,Case
1712,Speakers
1713,RetinaDisplay
1713,Cellular
1713,64GB
1713,Stand
1713,Speakers
1713,Stylus
1714,16GB
1715,RetinaDisplay
1715,16GB
1715,Stand
1716,Cellular
1716,16GB
1717,RetinaDisplay
1717,16GB
1718,16GB
1719,16GB
1720,RetinaDisplay
1720,Cellular
1720,32GB
1720,Stand
1720,PlugBug
1721,RetinaDisplay
1721,Cellular
1721,32GB
1721,Stand
1721,Speakers
1722,RetinaDisplay
1722,Cellular
1722,64GB
1722,Stand
1722,Speakers
1723,16GB
1723,Case
1724,RetinaDisplay
1724,32GB
1724,Stand
1725,RetinaDisplay
1725,Cellular
1725,64GB
1725,Case
1725,Speakers
1725,PlugBug
1726,16GB
1726,Case
1726,Stylus
1727,RetinaDisplay
1727,16GB
1728,16GB
1729,Cellular
1729,64GB
1730,RetinaDisplay
1730,32GB
1730,Speakers
1731,32GB
1731,PlugBug
1732,RetinaDisplay
1732,Cellular
1732,64GB
1732,Stand
1732,Speakers
1733,Cellular
1733,32GB
1733,PlugBug
1734,RetinaDisplay
1734,Cellular
1734,32GB
1734,Case
1734,Stand
1735,RetinaDisplay
1735,32GB
1735,Case
1736,RetinaDisplay
1736,16GB
1737,RetinaDisplay
1737,32GB
1737,Case
1737,Stand
1737,Speakers
1738,RetinaDisplay
1738,16GB
1738,Speakers
1739,16GB
1740,RetinaDisplay
1740,16GB
1740,Stylus
1741,32GB
1742,16GB
1743,RetinaDisplay
1743,16GB
1743,Speakers
1744,16GB
1744,Speakers
1745,RetinaDisplay
1745,32GB
1745,Case
1745,Speakers
1746,16GB
1747,RetinaDisplay
1747,64GB
1747,Stand
1747,Speakers
1748,16GB
1749,RetinaDisplay
1749,32GB
1749,Case
1749,Stand
1749,Speakers
1750,32GB
1751,32GB
1751,Stand
1752,RetinaDisplay
1752,Cellular
1752,64GB
1752,Case
1752,Speakers
1753,32GB
1754,RetinaDisplay
1754,Cellular
1754,64GB
1754,Case
1754,Stand
1754,PlugBug
1755,Cellular
1755,16GB
1756,16GB
1757,RetinaDisplay
1757,Cellular
1757,16GB
1758,RetinaDisplay
1758,16GB
1759,16GB
1760,Cellular
1760,16GB
1761,RetinaDisplay
1761,16GB
1761,Speakers
1762,32GB
1762,Case
1763,RetinaDisplay
1763,16GB
1763,Stylus
1764,RetinaDisplay
1764,32GB
1764,Case
1764,Stand
1764,Speakers
1764,PlugBug
1764,WirelessKeyboard
1764,Stylus
1765,64GB
1766,32GB
1766,Case
1766,Speakers
1766,PlugBug
1766,CameraKit
1767,RetinaDisplay
1767,Cellular
1767,32GB
1767,Case
1767,Stand
1767,PlugBug
1767,WirelessKeyboard
1768,16GB
1769,16GB
1770,Cellular
1770,16GB
1770,Stand
1771,16GB
1771,Speakers
1772,32GB
1772,Stylus
1773,16GB
1773,Stand
1774,32GB
1775,32GB
1776,32GB
1776,Stand
1777,RetinaDisplay
1777,16GB
1777,Case
1778,16GB
1779,RetinaDisplay
1779,Cellular
1779,32GB
1779,Case
1779,PlugBug
1780,Cellular
1780,32GB
1780,PlugBug
1781,RetinaDisplay
1781,16GB
1782,16GB
1783,RetinaDisplay
1783,Cellular
1783,32GB
1784,RetinaDisplay
1784,32GB
1784,Speakers
1785,64GB
1786,32GB
1786,PlugBug
1787,Cellular
1787,16GB
1788,16GB
1788,Stylus
1789,Cellular
1789,16GB
1790,16GB
1791,Cellular
1791,16GB
1792,64GB
1793,32GB
1793,Stand
1794,16GB
1795,16GB
1795,Speakers
1796,16GB
1797,16GB
1798,32GB
1799,RetinaDisplay
1799,32GB
1799,Case
1799,Stand
1799,PlugBug
1799,CameraKit
1799,WirelessKeyboard
1800,16GB
1800,Speakers
1801,RetinaDisplay
1801,64GB
1801,Case
1801,Stand
1801,Speakers
1802,16GB
1803,64GB
1803,Case
1803,Stand
1804,RetinaDisplay
1804,32GB
1804,Case
1804,Stand
1804,Speakers
1804,Stylus
1805,32GB
1806,RetinaDisplay
1806,Cellular
1806,64GB
1806,Speakers
1807,32GB
1808,16GB
1808,Stand
1808,Speakers
1809,Cellular
1809,16GB
1810,16GB
1811,32GB
1812,16GB
1812,Stand
1812,Stylus
1813,16GB
1814,32GB
1815,16GB
1816,RetinaDisplay
1816,16GB
1817,16GB
1818,Cellular
1818,16GB
1818,Stylus
1819,16GB
1820,RetinaDisplay
1820,64GB
1820,Stand
1820,PlugBug
1820,WirelessKeyboard
1820,Stylus
1821,RetinaDisplay
1821,32GB
1822,64GB
1823,64GB
1823,Speakers
1823,Stylus
1824,16GB
1825,64GB
1826,32GB
1826,Stand
1826,Speakers
1827,32GB
1828,RetinaDisplay
1828,16GB
1828,Stand
1829,64GB
1830,16GB
1830,Stand
1831,Cellular
1831,16GB
1832,Cellular
1832,32GB
1832,Case
1832,PlugBug
1832,Stylus
1833,32GB
1833,Case
1833,Speakers
1833,CameraKit
1834,16GB
1834,Case
1835,16GB
1836,RetinaDisplay
1836,32GB
1836,Stand
1836,Stylus
1837,RetinaDisplay
1837,Cellular
1837,32GB
1838,16GB
1839,RetinaDisplay
1839,Cellular
1839,32GB
1839,Case
1839,Speakers
1839,PlugBug
1840,16GB
1841,32GB
1841,PlugBug
1842,16GB
1843,RetinaDisplay
1843,Cellular
1843,64GB
1843,Case
1843,Stand
1843,Speakers
1843,PlugBug
1843,CameraKit
1843,WirelessKeyboard
1844,64GB
1844,Case
1845,16GB
1846,Cellular
1846,16GB
1846,Case
1847,Cellular
1847,16GB
1848,RetinaDisplay
1848,64GB
1848,Case
1848,Stand
1848,Speakers
1848,Stylus
1849,RetinaDisplay
1849,16GB
1850,16GB
1851,32GB
1851,Speakers
1852,Cellular
1852,32GB
1852,Case
1852,Speakers
1853,RetinaDisplay
1853,32GB
1853,Case
1853,Speakers
1854,64GB
1854,Case
1854,Stand
1854,Speakers
1855,16GB
1855,Speakers
1856,Cellular
1856,16GB
1857,RetinaDisplay
1857,64GB
1858,RetinaDisplay
1858,Cellular
1858,16GB
1859,16GB
1859,Case
1860,16GB
1861,RetinaDisplay
1861,32GB
1861,Case
1862,Cellular
1862,32GB
1863,32GB
1864,32GB
1864,Speakers
1864,PlugBug
1865,Cellular
1865,16GB
1866,RetinaDisplay
1866,64GB
1866,Case
1866,Stand
1866,Speakers
1866,Stylus
1867,RetinaDisplay
1867,16GB
1867,Case
1867,Speakers
1868,Cellular
1868,16GB
1869,RetinaDisplay
1869,Cellular
1869,32GB
1869,Stand
1869,Speakers
1869,Stylus
1870,16GB
1871,16GB
1872,16GB
1872,Stylus
1873,RetinaDisplay
1873,16GB
1874,RetinaDisplay
1874,64GB
1874,Case
1874,CameraKit
1875,16GB
1876,RetinaDisplay
1876,16GB
1877,32GB
1878,RetinaDisplay
1878,16GB
1879,Cellular
1879,16GB
1880,16GB
1881,Cellular
1881,16GB
1881,Stand
1881,Stylus
1882,RetinaDisplay
1882,Cellular
1882,32GB
1882,Case
1882,Stand
1882,Speakers
1883,RetinaDisplay
1883,Cellular
1883,16GB
1884,16GB
1884,Stylus
1885,RetinaDisplay
1885,Cellular
1885,32GB
1885,Case
1885,Stand
1885,Speakers
1885,PlugBug
1886,32GB
1886,Stand
1887,16GB
1888,RetinaDisplay
1888,64GB
1889,16GB
1890,RetinaDisplay
1890,Cellular
1890,32GB
1890,Case
1890,Speakers
1890,PlugBug
1890,CameraKit
1890,Stylus
1891,32GB
1891,Stand
1892,16GB
1893,16GB
1894,32GB
1894,Case
1894,Speakers
1894,PlugBug
1895,RetinaDisplay
1895,Cellular
1895,32GB
1896,16GB
1897,Cellular
1897,16GB
1898,16GB
1899,RetinaDisplay
1899,Cellular
1899,64GB
1899,Case
1899,Stand
1899,Speakers
1900,RetinaDisplay
1900,Cellular
1900,32GB
1900,Case
1900,Stand
1900,Speakers
1901,RetinaDisplay
1901,32GB
1901,Speakers
1901,PlugBug
1901,Stylus
1902,RetinaDisplay
1902,32GB
1903,16GB
1904,RetinaDisplay
1904,16GB
1905,16GB
1906,16GB
1907,RetinaDisplay
1907,16GB
1908,Cellular
1908,32GB
1908,PlugBug
1909,16GB
1910,RetinaDisplay
1910,Cellular
1910,16GB
1910,Speakers
1911,16GB
1912,16GB
1913,RetinaDisplay
1913,16GB
1914,Cellular
1914,32GB
1914,Case
1914,Stand
1914,Speakers
1915,16GB
1915,Stand
1915,Stylus
1916,16GB
1917,32GB
1917,Case
1918,RetinaDisplay
1918,Cellular
1918,32GB
1918,Case
1918,Speakers
1919,16GB
1919,Stand
1920,32GB
1921,RetinaDisplay
1921,64GB
1921,Case
1921,Stand
1921,Speakers
1922,16GB
1923,RetinaDisplay
1923,Cellular
1923,32GB
1924,RetinaDisplay
1924,Cellular
1924,32GB
1924,Case
1924,Speakers
1925,RetinaDisplay
1925,Cellular
1925,32GB
1925,Case
1925,Stand
1925,Speakers
1926,16GB
1927,RetinaDisplay
1927,64GB
1927,Case
1927,Speakers
1928,16GB
1928,Stylus
1929,RetinaDisplay
1929,16GB
1930,16GB
1931,32GB
1931,Speakers
1932,16GB
1932,Speakers
1933,RetinaDisplay
1933,Cellular
1933,64GB
1933,Case
1933,Stand
1933,Speakers
1934,RetinaDisplay
1934,Cellular
1934,16GB
1934,Stand
1934,Speakers
1935,Cellular
1935,64GB
1935,Stand
1935,Speakers
1935,PlugBug
1935,WirelessKeyboard
1936,16GB
1936,Case
1937,16GB
1938,RetinaDisplay
1938,64GB
1938,Stand
1938,Speakers
1939,64GB
1940,Cellular
1940,32GB
1940,Case
1940,Stand
1941,RetinaDisplay
1941,Cellular
1941,32GB
1941,Stand
1942,16GB
1943,RetinaDisplay
1943,Cellular
1943,16GB
1944,RetinaDisplay
1944,Cellular
1944,32GB
1944,Case
1944,Stand
1944,Speakers
1944,Stylus
1945,RetinaDisplay
1945,Cellular
1945,16GB
1945,Stand
1946,16GB
1947,RetinaDisplay
1947,16GB
1947,Stand
1947,Speakers
1947,Stylus
1948,64GB
1949,RetinaDisplay
1949,32GB
1949,Speakers
1950,RetinaDisplay
1950,64GB
1950,Case
1950,Speakers
1951,RetinaDisplay
1951,32GB
1951,Case
1951,Speakers
1951,PlugBug
1951,CameraKit
1952,Cellular
1952,16GB
1952,Stand
1952,Stylus
1953,16GB
1953,Stylus
1954,16GB
1954,Speakers
1955,16GB
1955,Stylus
1956,RetinaDisplay
1956,Cellular
1956,32GB
1956,Stand
1956,Speakers
1957,RetinaDisplay
1957,32GB
1957,Case
1957,CameraKit
1958,RetinaDisplay
1958,16GB
1959,RetinaDisplay
1959,32GB
1959,PlugBug
1960,RetinaDisplay
1960,Cellular
1960,32GB
1960,Case
1960,Stand
1960,Speakers
1960,PlugBug
1960,WirelessKeyboard
1961,RetinaDisplay
1961,64GB
1961,Case
1961,PlugBug
1961,CameraKit
1961,Stylus
1962,Cellular
1962,16GB
1963,RetinaDisplay
1963,16GB
1964,RetinaDisplay
1964,Cellular
1964,32GB
1964,Stand
1964,Speakers
1965,RetinaDisplay
1965,64GB
1965,Case
1965,Stand
1966,RetinaDisplay
1966,16GB
1967,RetinaDisplay
1967,64GB
1968,Cellular
1968,64GB
1968,Speakers
1968,PlugBug
1969,16GB
1970,RetinaDisplay
1970,16GB
1970,Stylus
1971,16GB
1971,Speakers
1972,16GB
1973,32GB
1974,RetinaDisplay
1974,16GB
1975,64GB
1975,Stand
1976,RetinaDisplay
1976,16GB
1976,Stylus
1977,32GB
1978,Cellular
1978,16GB
1979,RetinaDisplay
1979,32GB
1979,Case
1979,Speakers
1980,32GB
1980,Stand
1981,32GB
1981,Stand
1981,PlugBug
1982,16GB
1983,32GB
1984,RetinaDisplay
1984,Cellular
1984,32GB
1984,Case
1984,Stand
1984,PlugBug
1984,CameraKit
1984,WirelessKeyboard
1985,RetinaDisplay
1985,16GB
1986,RetinaDisplay
1986,16GB
1987,16GB
1988,RetinaDisplay
1988,Cellular
1988,64GB
1988,Stand
1988,Speakers
1989,16GB
1990,RetinaDisplay
1990,16GB
1991,RetinaDisplay
1991,64GB
1991,Speakers
1991,PlugBug
1992,16GB
1992,Stand
1993,Cellular
1993,32GB
1993,Stand
1993,Speakers
1993,PlugBug
1993,WirelessKeyboard
1994,16GB
1995,16GB
1996,32GB
1996,Stand
1996,Speakers
1996,PlugBug
1996,WirelessKeyboard
1996,Stylus
1997,16GB
1998,16GB
1999,32GB
2000,16GB
